{
  "0": [0.00507682570832, 0.00493649245506],
  "1": [0.00408786754963, 0.00436763117967],
  "2": [0.00500806553566, 0.00469395706283],
  "3": [0.00573181504742, 0.00400113728423],
  "4": [0.00530282336738, 0.00473676795115],
  "5": [0.00489415957296, 0.0053254573674],
  "6": [0.00575731364338, 0.00471067909269],
  "7": [0.00401469616195, 0.005112330641],
  "8": [0.00587671910192, 0.00578012800916],
  "9": [0.00407167330559, 0.00561648286593],
  "10": [0.00587162466055, 0.00409742297628],
  "11": [0.00427015710753, 0.00436792099662],
  "12": [0.00477016582424, 0.00586358578732],
  "13": [0.00445014297385, 0.00580680663535],
  "14": [0.00462251114044, 0.00464335556889],
  "15": [0.00413326796932, 0.00403412127837],
  "16": [0.00569740709799, 0.00563820115508],
  "17": [0.00558497767649, 0.0051825605737],
  "18": [0.00411748799615, 0.00435558181919],
  "19": [0.00456548930683, 0.00407687660488],
  "20": [0.00469253638583, 0.00502853817092],
  "21": [0.00590092392479, 0.00490652320074],
  "22": [0.00594808845939, 0.00573487994057],
  "23": [0.00522239071316, 0.00400505815692],
  "24": [0.00414476957987, 0.00539518719145],
  "25": [0.00527759424698, 0.00598732605679],
  "26": [0.00472937772482, 0.00424435662265],
  "27": [0.00465082945285, 0.00455611413522]
}